author_viaf;id;title;file_name;Binz_1790;Binz_1812;Armbruster_1813;Bachmann_1851;Gerold_1859;Last_1901;sum_libraries;binary;pub_year
9856912;20527;Der Goldne Spiegel;Wieland_Christoph-Martin_Der-Goldne-Spiegel_1772;1;1;1;1;1;1;6;1;1772
9856912;20528;Die Abentheuer des Don Sylvio von Rosalva;Wieland_Christoph-Martin_Die-Abentheuer-des-Don-Sylvio-von-Rosalva_1764;1;1;1;1;1;1;6;1;1764
24602065;20132;Wilhelm Meisters Lehrjahre;Goethe_Johann-Wolfgang_Wilhelm-Meisters-Lehrjahre_1794;0;1;1;1;1;1;5;1;1794
24602065;20135;Die Wahlverwandtschaften;Goethe_Johann-Wolfgang_Die-Wahlverwandtschaften_1809;0;1;1;1;1;1;5;1;1809
9856912;20524;Geschichte der Abderiten;Wieland_Christoph-Martin_Abderiten_1774;1;1;0;1;1;1;5;1;1774
9856912;20529;Agathon;Wieland_Christoph-Martin_Agathon_1766;1;1;1;1;0;1;5;1;1766
9870867;20125;Leben der schwedischen Gräfin von G;Gellert_Christian-Fuerchtegott_Leben-der-schwedischen-Graefin-von-G_1747;1;1;1;0;1;0;4;1;1747
19765806;20128;Idyllen von dem Verfasser des Daphnis;Gessner_Salomon_Idyllen-von-dem-Verfasser-des-Daphnis_1756;1;1;1;0;1;0;4;1;1756
19765806;20130;Der Tod Abels;Gessner_Salomon_Der-Tod-Abels_1762;1;1;1;0;1;0;4;1;1762
24602065;20131;Unterhaltungen deutscher Ausgewanderten;Goethe_Johann-Wolfgang_Unterhaltungen-deutscher-Ausgewanderten_1795;0;1;1;1;1;0;4;1;1795
24602065;20134;Die Leiden des jungen Werther;Goethe_Johann-Wolfgang_Leiden-des-jungen-Werther_1774;1;1;1;0;0;1;4;1;1774
88721755;20336;Grandison der Zweyte;Musaeus_Johann-Karl-August_Grandison-der-Zweyte_1760;1;1;1;0;1;0;4;1;1760
96994450;20426;Der Geisterseher;Schiller_Friedrich_Der-Geisterseher_1787;0;1;1;1;1;0;4;1;1787
9856912;20526;Aristipp und einige seiner Zeitgenossen;Wieland_Christoph-Martin_Aristipp-und-einige-seiner-Zeitgenossen_1800;0;1;0;1;1;1;4;1;1800
12350137;20025;Die Sträflinge;Auerbach_Berthold_Die-Straeflinge_1843;0;0;0;1;1;1;3;1;1843
12350137;20027;Die Frau Professorin;Auerbach_Berthold_Die-Frau-Professorin_1846;0;0;0;1;1;1;3;1;1846
12350137;20029;Der Tolpatsch;Auerbach_Berthold_Der-Tolpatsch_1843;0;0;0;1;1;1;3;1;1843
41840639;20126;Regulatoren in Arkansas;Gerstaecker_Friedrich_Regulatoren-in-Arkansas_1846;0;0;0;1;1;1;3;1;1846
19765806;20129;Daphnis;Gessner_Salomon_Daphnis_1854;0;1;1;0;1;0;3;1;1854
24602065;20133;Wilhelm Meisters Wanderjahre;Goethe_Johann-Wolfgang_Wilhelm-Meisters-Wanderjahre_1821;0;0;0;1;1;1;3;1;1821
54189710;20154;Die Ritter vom Geiste;Gutzkow_Karl_Die-Ritter-vom-Geiste_1850;0;0;0;1;1;1;3;1;1850
9931960;20163;Lichtenstein;Hauff_Wilhelm_Lichtenstein_1826;0;0;0;1;1;1;3;1;1826
29535422;20198;Die Elixiere des Teufels;Hoffmann_ETA_Die-Elixiere-des-Teufels_1815;0;0;0;1;1;1;3;1;1815
29535422;20201;Meister Floh;Hoffmann_ETA_Meister-Floh_1822;0;0;0;1;1;1;3;1;1822
29535422;20203;Klein Zaches genannt Zinnober;Hoffmann_ETA_Klein-Zaches-genannt-Zinnober_1819;0;0;0;1;1;1;3;1;1819
29535422;20204;Kreisleriana;Hoffmann_ETA_Kreisleriana_1814;0;0;0;1;1;1;3;1;1814
29535422;20205;Die Abenteuer der Sylvesternacht;Hoffmann_ETA_Die-Abenteuer-der-Sylvesternacht_1814;0;0;0;1;1;1;3;1;1814
29535422;20207;Der Goldene Topf;Hoffmann_ETA_Der-goldene-Topf_1814;0;0;0;1;1;1;3;1;1814
29535422;20208;Ritter Gluck. Eine Erinnerung aus dem Jahre 1809;Hoffmann_ETA_Ritter-Gluck_1814;0;0;0;1;1;1;3;1;1814
27630;20221;Münchhausen;Immermann_Karl_Muenchhausen_1838;0;0;0;1;1;1;3;1;1838
9938248;20433;Wunderliche Fata einiger See-Fahrer;Schnabel_Johann-Gottfried_Wunderliche-Fata_1731;1;1;0;1;0;0;3;1;1731
22149114;20451;Abdias;Stifter_Adalbert_Abdias_1842;0;0;0;1;1;1;3;1;1842
22149114;20459;Brigitta;Stifter_Adalbert_Brigitta_1847;0;0;0;1;1;1;3;1;1847
22149114;20461;Das Haidedorf;Stifter_Adalbert_Das-Haidedorf_1844;0;0;0;1;1;1;3;1;1844
22149114;20462;Der Hochwald;Stifter_Adalbert_Der-Hochwald_1841;0;0;0;1;1;1;3;1;1841
34463780;20490;Abdallah;Tieck_Ludwig_Abdallah_1792;0;0;1;1;1;0;3;1;1792
9856912;20525;Agathodämon;Wieland_Christoph-Martin_Agathodaemon_1799;0;1;0;1;0;1;3;1;1799
9856912;20530;Geheime Geschichte des Philosophen Peregrinus Proteus;Wieland_Christoph-Martin_Geheime-Geschichte-des-Philosophen-Peregrinus-Proteus_1788;0;1;0;1;0;1;3;1;1788
9856912;20531;Geschichte des weisen Danischmed;Wieland_Christoph-Martin_Geschichte-des-weisen-Danischmed_1795;0;1;0;1;1;0;3;1;1795
40171930;20000;Der falsche Woldemar;Alexis_Willibald_Der-falsche-Woldemar_1842;0;0;0;1;1;0;2;1;1842
40171930;20002;Der Roland von Berlin;Alexis_Willibald_Der-Roland-von-Berlin_1840;0;0;0;1;1;0;2;1;1840
40171930;20003;Cabanis;Alexis_Willibald_Cabanis_1830;0;0;0;1;1;0;2;1;1830
40171930;20007;Die Hosen des Herrn von Bredow;Alexis_Willibald_Die-Hosen-des-Herrn-von-Bredow_1846;0;0;0;1;0;1;2;1;1846
12350137;20026;Barfüßele;Auerbach_Berthold_Barfuessele_1843;0;0;0;1;1;0;2;1;1843
12350137;20028;Die Geschichte von Diethlem von Buchenberg;Auerbach_Berthold_Diethlem-von-Buchenberg_1852;0;0;0;0;1;1;2;1;1852
95166743;20037;Lebensgeschichte und natürliche Abentheuer des armen Mannes in Tockenburg;Braeker_Ulrich_Lebensgeschichte_1789;1;1;0;0;0;0;2;1;1789
97353015;20052;Robinson Crusoe der Jüngere;Campe_Joachim_Robinson-Crusoe_1779;1;0;0;0;1;0;2;1;1779
4927907;20053;Peter Schlemihls wundersame Geschichte;Chamisso_Adalbert_Peter-Schlemihl_1814;0;0;0;0;1;1;2;1;1814
29547947;20122;Soll und Haben;Freytag_Gustav_Soll-und-Haben_1855;0;0;0;0;1;1;2;1;1855
41840639;20127;Die Flußpiraten vom Mississipi;Gerstaecker_Friedrich_Die-Flusspiraten-vom-Mississipi_1838;0;0;0;0;1;1;2;1;1848
49303093;20144;Uli der Pächter;Gotthelf_Jeremias_Uli-der-Paechter_1849;0;0;0;1;1;0;2;1;1849
49303093;20145;Die Käserei in der Vehfreude;Gotthelf_Jeremias_Die-Kaeserei-in-der-Vehfreude_1850;0;0;0;1;1;0;2;1;1850
49303093;20146;Uli der Knecht;Gotthelf_Jeremias_Uli-der-Knecht_1841;0;0;0;1;1;0;2;1;1841
54189710;20153;Briefe einers Narren und einer Närrin;Gutzkow_Karl_Briefe-einers-Narren-und-einer-Naerrin_1832;0;0;0;1;1;0;2;1;1832
54189710;20156;Seraphine;Gutzkow_Karl_Seraphine_1837;0;0;0;1;1;0;2;1;1837
67257021;20159;Gräfin Faustine;Hahn-Hahn_Ida_Graefin-Faustine_1848;0;0;0;1;1;0;2;1;1848
9931960;20165;Das Wirtshaus im Spessart;Hauff_Wilhelm_Das-Wirtshaus-im-Spessart_1828;0;0;0;1;0;1;2;1;1828
56650240;20178;Ardinghello;Heinse_Wilhelm_Ardinghello_1787;0;0;0;0;1;1;2;1;1787
29535422;20189;Das Sanctus;Hoffmann_ETA_Das-Sanctus_1816;0;0;0;1;1;0;2;1;1816
29535422;20190;Die Serapions-Brüder;Hoffmann_ETA_Die-Serapions-Brueder_1819;0;0;0;1;1;0;2;1;1819
29535422;20193;Nachrichten von den neuesten Schicksalen des Hundes Berganza;Hoffmann_ETA_Berganza_1814;0;0;0;0;1;1;2;1;1814
29535422;20196;Kater Murr;Hoffmann_ETA_Kater-Murr_1820;0;0;0;1;0;1;2;1;1820
29535422;20199;Die Jesuitenkriche in G.;Hoffmann_ETA_Die-Jesuitenkirche-in-G_1816;0;0;0;1;1;0;2;1;1816
29535422;20200;Ignaz Denner;Hoffmann_ETA_Ignaz-Denner_1816;0;0;0;1;1;0;2;1;1816
29535422;20209;Der Sandmann;Hoffmann_ETA_Der-Sandmann_1816;0;0;0;1;1;0;2;1;1816
29535422;20210;Das Steinerne Herz;Hoffmann_ETA_Das-Steinerne-Herz_1816;0;0;0;1;1;0;2;1;1816
59084105;20222;Woldemar;Jacobi_Friedrich_Woldemar_1743;0;1;0;0;1;0;2;1;1779
59084105;20223;Aus Eduard Allwills Papieren;Jacobi_Friedrich_Aus-Eduard-Allwills-Papieren_1743;1;1;0;0;0;0;2;1;1775
95215666;20225;Heinrich Stillings Jugend;Jung-Stilling_Heinrich-Stillings-Jugend_1777;0;1;0;0;1;0;2;1;1777
102319551;20232;Der Schmied seine Glücks;Keller_Gottfried_Der-Schmied-seine-Gluecks_1856;0;0;0;0;1;1;2;1;1856
102319551;20233;Spiegel, das Kätzchen;Keller_Gottfried_Spiegel-das-Kaetzchen_1856;0;0;0;0;1;1;2;1;1856
102319551;20236;Frau Regel Amrain und ihr Jüngster;Keller_Gottfried_Frau-Regel-Amrain-und-ihr-Juengster_1855;0;0;0;0;1;1;2;1;1855
102319551;20237;Romeo und Julia von dem Dorfe;Keller_Gottfried_Romeo-und-Julia-von-dem-Dorfe_1856;0;0;0;0;1;1;2;1;1856
102319551;20239;Der Grüne Heinrich;Keller_Gottfried_Der-Gruene-Heinrich_1854;0;0;0;0;1;1;2;1;1854
102319551;20240;Pankraz, der Schmoller;Keller_Gottfried_Pankraz_1856;0;0;0;0;1;1;2;1;1856
102319551;20244;Kleider machen Leute;Keller_Gottfried_Kleider-machen-Leute_1874;0;0;0;0;1;1;2;1;1874
19692845;20256;Fausts Leben, Thaten und HÃ¶llenfahrt;Klinger_Friedrich_Fausts-Leben-Thaten-und-Hoellenfahrt_1791;0;0;0;1;1;0;2;1;1791
19692845;20257;Der Faust der Morgenländer;Klinger_Friedrich_Der-Faust-der-Morgenlaender_1797;0;0;0;1;1;0;2;1;1797
5722928;20260;Der Amerikamüde;Kuernberger_Ferdinand_Der-Amerikamuede_1855;0;0;0;0;1;1;2;1;1855
36932939;20268;Geschichte des Fräulein von Sterneim;La-Roche_Sophie_Fraeulein-von-Sternheim_1771;1;1;0;0;0;0;2;1;1771
54243995;20273;Braunschweig;Laube_Heinrich_Braunschweig_1834;0;0;0;1;0;1;2;1;1834
54243995;20275;Breslau;Laube_Heinrich_Breslau_1834;0;0;0;1;0;1;2;1;1834
54243995;20276;Anhalt;Laube_Heinrich_Anhalt_1834;0;0;0;1;0;1;2;1;1834
54243995;20277;Halberstadt;Laube_Heinrich_Halberstadt_1834;0;0;0;1;0;1;2;1;1834
54243995;20278;Magdeburg;Laube_Heinrich_Magdeburg_1834;0;0;0;1;0;1;2;1;1834
59217212;20282;Jenny;Lewald_Fanny_Jenny_1843;0;0;0;1;1;0;2;1;1843
5014548;20286;Zwischen Himmel und Erde;Ludwig_Otto_Zwischen-Himmel-und-Erde_1856;0;0;0;0;1;1;2;1;1856
67261673;20316;Siegwart;Miller_Johann-Martin_Siegwart_1776;1;0;0;1;0;0;2;1;1776
44298932;20326;Udine;Motte-Fouque_Friedrich_Udine_1814;0;0;0;0;1;1;2;1;1814
100384100;20329;Afraja, a Norwegian and Lapland Tale;Muegge_Theodor_Afraja_1854;0;0;0;0;1;1;2;1;1854
104587;20334;Madonna. Unterhaltungen mit einer Heiligen;Mundt_Theodor_Madonna_1835;0;0;0;1;1;0;2;1;1835
64011067;20347;Flegeljahre;Paul_Jean_Flegeljahre_1804;0;0;0;1;1;0;2;1;1804
64011067;20349;Hesperus;Paul_Jean_Hesperus_1795;0;0;0;1;1;0;2;1;1795
64011067;20350;Die unsichtbare Loge;Paul_Jean_Die-unsichtbare-Loge_1793;0;0;0;1;1;0;2;1;1793
64011067;20351;Titan;Paul_Jean_Titan_1800;0;0;0;1;1;0;2;1;1800
19761512;20425;Ekkehard;Scheffel_Joseph-Victor_Ekkehard_1855;0;0;0;0;1;1;2;1;1855
51755743;20436;Gabriele;Schopenhauer_Johanna_Gabriele_1819;0;0;0;1;1;0;2;1;1819
12395794;20438;Nathan, der Squatter-Regulator;Sealsfield_Charles_Nathan-der-Squatter-Regulator_1837;0;0;0;1;1;0;2;1;1837
12395794;20439;Das Cajütenbuch, oder Nationale Charakteristiken;Sealsfield_Charles_Das-Cajuetenbuch_1841;0;0;0;1;1;0;2;1;1841
22149114;20450;Granit;Stifter_Adalbert_Granit_1852;0;0;0;0;1;1;2;1;1852
22149114;20454;Kalkstein;Stifter_Adalbert_Kalkstein_1853;0;0;0;0;1;1;2;1;1853
22149114;20455;Katzensilber;Stifter_Adalbert_Katzensilber_1853;0;0;0;0;1;1;2;1;1853
22149114;20457;Bergkristall;Stifter_Adalbert_Bergkristall_1853;0;0;0;0;1;1;2;1;1853
22149114;20458;Bergmilch;Stifter_Adalbert_Bergmilch_1853;0;0;0;0;1;1;2;1;1853
22149114;20463;Der Nachsommer;Stifter_Adalbert_Der-Nachsommer_1857;0;0;0;0;1;1;2;1;1857
22149114;20464;Turmalin;Stifter_Adalbert_Turmalin_1853;0;0;0;0;1;1;2;1;1853
34463780;20489;Der junge Tischlermeister;Tieck_Ludwig_Der-junge-Tischlermeister_1836;0;0;0;1;1;0;2;1;1836
34463780;20494;Franz Sternbalds Wanderungen;Tieck_Ludwig_Franz-Sternbald_1798;0;0;0;1;1;0;2;1;1798
34463780;20495;Die Geschichte des Herrn William Lovell;Tieck_Ludwig_William-Lovell_1795;0;0;0;1;1;0;2;1;1795
34463780;20497;Vittoria Accorombona;Tieck_Ludwig_Vittoria-Accorombona_1840;0;0;0;1;1;0;2;1;1840
32038963;20522;Belphegor;Wezel_Johann-Karl_Belphegor_1776;1;1;0;0;0;0;2;1;1776
32038963;20523;Hermann und Ulrike;Wezel_Johann-Karl_Hermann-und-Ulrike_1780;1;1;0;0;0;0;2;1;1780
9856912;20532;Hexameron von Rosenhain;Wieland_Christoph-Martin_Hexameron-von-Rosenhain_1805;0;1;0;0;1;0;2;1;1805
9856912;20533;Dschinnistan;Wieland_Christoph-Martin_Dschinnistan_1786;1;1;0;0;0;0;2;1;1786
64782995;20537;Weiße Sclaven oder die Leiden des Volkes;Willkomm_Ernst_Weisse-Sclaven_1845;0;0;0;1;1;0;2;1;1845
74284867;20538;Elisa oder das Weib wie es seyn sollte;Wobeser_Wilhelmine-Caroline_Elisa-oder-das-Weib-wie-es-seyn-sollte_1795;0;1;0;1;0;0;2;1;1795
56743380;20543;Das Goldmacherdorf;Zschokke_Johann_Das-Goldmacherdorf_1817;0;0;0;1;1;0;2;1;1817
40171930;20001;Ruhe ist die erste Bürgerpflicht;Alexis_Willibald_Ruhe-ist-die-erste-Buergerpflicht_1852;0;0;0;0;1;0;1;1;1852
40171930;20004;Schloß Avalon;Alexis_Willibald_Schloss-Avalon_1826;0;0;0;1;0;0;1;1;1826
40171930;20005;Walladmor;Alexis_Willibald_Walladmor_1824;0;0;0;1;0;0;1;1;1824
40171930;20006;Isegrimm;Alexis_Willibald_Isegrimm_1854;0;0;0;0;1;0;1;1;1854
39372916;20009;Fenitschka;Andreas-Salome_Lou_Fenitschka_1898;0;0;0;0;0;1;1;1;1898
39372916;20010;Eine Ausschweifung;Andreas-Salome_Lou_Eine-Ausschweifung_1898;0;0;0;0;0;1;1;1;1898
39446657;20011;Der Sternsteinhof;Anzengruber_Ludwig_Der-Sternsteinhof_1885;0;0;0;0;0;1;1;1;1885
100175755;20012;Armut, Reichtum, Schuld und Buße der Gräfin Dolores;Arnim_Achim_Graefin-Dolores_1810;0;0;0;0;1;0;1;1;1810
7386152;20021;Dies Buch gehÃ¶rt dem KÃ¶nig;Arnim_Bettina_Dies-Buch-gehoert-dem-Koenig_1843;0;0;0;0;1;0;1;1;1843
36939191;20030;Die gute Schule;Bahr_Hermann_Die-gute-Schule_1890;0;0;0;0;0;1;1;1;1890
51730797;20031;Der Tod Georgs;Beer-Hofmann_Richard_Der-Tod-Georgs_1900;0;0;0;0;0;1;1;1;1900
7485204;20032;Stilpe. Ein Roman aus der Froschperspektive;Bierbaum_Otto_Stilpe_1897;0;0;0;0;0;1;1;1;1897
47559658;20033;Das Recht der Mutter;Boehlau_Helene_Das-Recht-der-Mutter_1896;0;0;0;0;0;1;1;1;1896
47559658;20034;Der Rangierbahnhof;Boehlau_Helene_Der-Rangierbahnhof_1896;0;0;0;0;0;1;1;1;1896
47559658;20035;Halbtier!;Boehlau_Helene_Halbtier_1899;0;0;0;0;0;1;1;1;1899
73863902;20049;Geschichte vom braven Kasperl und dem schÃ¶nen Annerl;Brentano_Clemens_Kasperl-und-Annerl_1815;0;0;0;0;1;0;1;1;1815
74130481;20056;Die klugen Jungfrauen;Conrad_Michael-Georg_Die-klugen-Jungfrauen_1889;0;0;0;0;0;1;1;1;1889
108192;20059;Ein Kampf um Rom;Dahn_Felix_Ein-Kampf-um-Rom_1876;0;0;0;0;0;1;1;1;1876
27226737;20063;Schicksale einer Seele;Dohm_Hedwig_Schicksale-einer-Seele_1899;0;0;0;0;0;1;1;1;1899
27226737;20064;Sibilla Dalmar;Dohm_Hedwig_Sibilla-Dalmar_1896;0;0;0;0;0;1;1;1;1896
66493019;20066;Polizeigeschichten;Dronke_Ernst_Polizeigeschichten_1846;0;0;0;1;0;0;1;1;1846
51684049;20070;Das Schädliche;Ebner-Eschenbach_Marie_Das-Schaedliche_1894;0;0;0;0;0;1;1;1;1894
51684049;20071;Der Kreisphysikus;Ebner-Eschenbach_Marie_Der-Kreisphysikus_1883;0;0;0;0;0;1;1;1;1883
51684049;20072;Rittmeister Brand;Ebner-Eschenbach_Marie_Rittmeister-Brand_1896;0;0;0;0;0;1;1;1;1896
51684049;20073;Das Gemeindekind;Ebner-Eschenbach_Marie_Das-Gemeindekind_1887;0;0;0;0;0;1;1;1;1887
51684049;20074;Unsühnbar;Ebner-Eschenbach_Marie_Unsuehnbar_1890;0;0;0;0;0;1;1;1;1890
51684049;20075;Die Resel;Ebner-Eschenbach_Marie_Die-Resel_1883;0;0;0;0;0;1;1;1;1883
51684049;20076;Krambambuli;Ebner-Eschenbach_Marie_Krambabuli_1883;0;0;0;0;0;1;1;1;1883
51684049;20077;Lotti, die Uhrmacherin;Ebner-Eschenbach_Marie_Lotti-die-Uhrmacherin_1874;0;0;0;0;0;1;1;1;1874
51684049;20078;Ein kleiner Roman;Ebner-Eschenbach_Marie_Ein-kleiner-Roman_1887;0;0;0;0;0;1;1;1;1887
51684049;20080;Die Freiherren von Gemperlein;Ebner-Eschenbach_Marie_Die-Freiherren-von-Gemperlein_1889;0;0;0;0;0;1;1;1;1889
51684049;20081;Der Muff;Ebner-Eschenbach_Marie_Der-Muff_1896;0;0;0;0;0;1;1;1;1896
51684049;20082;Die Poesie des Unbewusten;Ebner-Eschenbach_Marie_Die-Poesie-des-Unbewussten_1883;0;0;0;0;0;1;1;1;1883
7399816;20086;Aus dem Leben eines Taugenichts;Eichendorff_Joseph_Aus-dem-Leben-eines-Taugenichts_1826;0;0;0;0;0;1;1;1;1826
7399816;20087;Dichter und ihre Gesellen;Eichendorff_Joseph_Dichter-und-ihre-Gesellen_1835;0;0;0;0;1;0;1;1;1835
7399816;20088;Ahnung und Gegenwart;Eichendorff_Joseph_Ahnung-und-Gegenwart_1815;0;0;0;0;1;0;1;1;1815
7399816;20090;Viel Lärmen um Nichts;Eichendorff_Joseph_Viel-Laermen-um-Nichts_1832;0;0;0;0;1;0;1;1;1832
41840061;20102;L'Adultera;Fontane_Theodor_L-Adultera_1882;0;0;0;0;0;1;1;1;1882
41840061;20104;Irrungen, Wirrungen;Fontane_Theodor_Irrungen-Wirrungen_1888;0;0;0;0;0;1;1;1;1888
41840061;20105;Ellernkipp;Fontane_Theodor_Ellernkipp_1881;0;0;0;0;0;1;1;1;1881
41840061;20106;Grete Minde;Fontane_Theodor_Grete-Minde_1880;0;0;0;0;0;1;1;1;1880
41840061;20107;Schach von Wuthenow;Fontane_Theodor_Schach-von-Wuthenow_1882;0;0;0;0;0;1;1;1;1882
41840061;20109;Stechlin;Fontane_Theodor_Stechlin_1898;0;0;0;0;0;1;1;1;1898
41840061;20111;Die Poppenpuhls;Fontane_Theodor_Die-Poggenpuhls_1896;0;0;0;0;0;1;1;1;1896
41840061;20112;Unterm Birnbaum;Fontane_Theodor_Unterm-Birnbaum_1885;0;0;0;0;0;1;1;1;1885
41840061;20114;Cecile;Fontane_Theodor_Cecile_1887;0;0;0;0;0;1;1;1;1887
41840061;20115;Frau Jenny Treibel;Fontane_Theodor_Frau-Jenny-Treibel_1892;0;0;0;0;0;1;1;1;1892
41840061;20116;Unwiederbringlich;Fontane_Theodor_Unwiederbringlich_1892;0;0;0;0;0;1;1;1;1892
71431187;20117;Moschko von Parma;Franzos_Karl-Emil_Moschko-von-Parma_1880;0;0;0;0;0;1;1;1;1880
71431187;20118;Leib Weihnachtskuchen und sein Kind;Franzos_Karl-Emil_Leib-Weihnachtskuchen-und-sein-Kind_1896;0;0;0;0;0;1;1;1;1896
71431187;20119;Ein Kampf ums Recht;Franzos_Karl-Emil_Ein-Kampf-ums-Recht_1882;0;0;0;0;0;1;1;1;1882
29547947;20121;Die verlorene Handschrift;Freytag_Gustav_Die-verlorene-Handschrift_1855;0;0;0;0;0;1;1;1;1855
29547947;20123;Die Ahnen;Freytag_Gustav_Die-Ahnen_1872;0;0;0;0;0;1;1;1;1872
59072154;20124;Die Martinsklause;Ganghofer_Ludwig_Die-Martinsklause_1894;0;0;0;0;0;1;1;1;1894
49303093;20136;Der Bauernspiegel;Gotthelf_Jeremias_Der-Bauernspiegel_1837;0;0;0;1;0;0;1;1;1837
49303093;20140;Käthi die Großmutter;Gotthelf_Jeremias_Kaethi-die-Grossmutter_1847;0;0;0;1;0;0;1;1;1847
49303093;20141;Die schwarze Spinne;Gotthelf_Jeremias_Die-schwarze-Spinne_1842;0;0;0;1;0;0;1;1;1842
49303093;20148;Geld und Geist;Gotthelf_Jeremias_Geld-und-Geist_1843;0;0;0;1;0;0;1;1;1843
49303093;20149;Leiden und Freuden eines Schulmeisters;Gotthelf_Jeremias_Leiden-und-Freuden-eines-Schulmeisters_1838;0;0;0;1;0;0;1;1;1838
67257021;20158;Sibylle;Hahn-Hahn_Ida_Sibylle_1846;0;0;0;0;1;0;1;1;1846
49234879;20160;Usong;Haller_Albrecht_Usong_1771;1;0;0;0;0;0;1;1;1771
64801949;20162;Aspasia;Hamerling_Robert_Aspasia_1875;0;0;0;0;0;1;1;1;1875
9931960;20164;Der Scheik von Alessandria und seine Sklaven;Hauff_Wilhelm_Der-Scheik-von-Alessandria-und-seine-Sklaven_1827;0;0;0;1;0;0;1;1;1827
9931960;20166;Die Karawane;Hauff_Wilhelm_Die-Karawane_1826;0;0;0;0;0;1;1;1;1826
71404832;20167;Bahnwärter Thiel;Hauptmann_Gerhart_Bahnwaerter-Thiel_1888;0;0;0;0;0;1;1;1;1888
10641947;20170;An heiligen Wassern;Heer_Johann-Christoph_An-heiligen-Wassern_1898;0;0;0;0;0;1;1;1;1898
10641947;20171;Der König der Bernina;Heer_Johann-Christoph_Der-Koenig-der-Bernina_1900;0;0;0;0;0;1;1;1;1900
74606613;20172;Mutter Bertha;Hegeler_Wilhelm_Mutter-Bertha_1893;0;0;0;0;0;1;1;1;1893
50765;20180;Die bessere Welt;Heyse_Paul_Die-bessere-Welt_1914;0;0;0;0;0;1;1;1;1914
50765;20182;Am Tiberufer;Heyse_Paul_Am-Tiberufer_1855;0;0;0;0;0;1;1;1;1855
50765;20183;L'Arrabiata;Heyse_Paul_L-Arrabbiata_1855;0;0;0;0;0;1;1;1;1855
50765;20185;Andrea Delfin;Heyse_Paul_Andrea-Delfin_1862;0;0;0;0;0;1;1;1;1862
50765;20186;Beatrice;Heyse_Paul_Beatrice_1867;0;0;0;0;0;1;1;1;1867
50765;20187;Marion;Heyse_Paul_Marion_1855;0;0;0;0;0;1;1;1;1855
29535422;20191;Das Gelübde;Hoffmann_ETA_Das-Geluebde_1816;0;0;0;0;1;0;1;1;1816
29535422;20192;Das öde Haus;Hoffmann_ETA_Das-oede-Haus_1816;0;0;0;0;1;0;1;1;1816
29535422;20194;Prinzessin Brambilla;Hoffmann_ETA_Prinzessin-Brambilla_1820;0;0;0;0;1;0;1;1;1820
29535422;20195;Marquise de la Pivardiere;Hoffmann_ETA_Marquise-de-la-Pivardiere_1820;0;0;0;1;0;0;1;1;1820
29535422;20197;Des Vetters Eckfenster;Hoffmann_ETA_Des-Vetters-Eckfenster_1822;0;0;0;1;0;0;1;1;1822
29535422;20202;Das Majorat;Hoffmann_ETA_Das-Majorat_1816;0;0;0;0;1;0;1;1;1816
27630;20220;Die Epigonen;Immermann_Karl_Die-Epigonen_1836;0;0;0;0;1;0;1;1;1836
102319551;20230;Das Fähnlein der sieben Aufrechten;Keller_Gottfried_Das-Faehnlein-der-sieben-Aufrechten_1878;0;0;0;0;0;1;1;1;1878
102319551;20235;Hadlaub;Keller_Gottfried_Hadlaub_1876;0;0;0;0;0;1;1;1;1876
102319551;20238;Ursula;Keller_Gottfried_Ursula_1877;0;0;0;0;0;1;1;1;1877
102319551;20241;Der Landvogt von Greifensee;Keller_Gottfried_Der-Landvogt-von-Greifensee_1877;0;0;0;0;0;1;1;1;1877
102319551;20242;Martin Salander;Keller_Gottfried_Martin-Salander_1886;0;0;0;0;0;1;1;1;1886
77115891;20245;Das Leben auf der Walze;Kirchbach_Wolfgang_Das-Leben-auf-der-Walze_1892;0;0;0;0;0;1;1;1;1892
7392307;20246;Das Erdbeben von Chili;Kleist_Heinrich_Das-Erdbeben-von-Chili_1807;0;0;0;1;0;0;1;1;1807
7392307;20247;Das Bettelweib von Locarno;Kleist_Heinrich_Das-Bettelweib-von-Locarno_1810;0;0;0;1;0;0;1;1;1810
7392307;20248;Der Findling;Kleist_Heinrich_Der-Findling_1811;0;0;0;1;0;0;1;1;1811
7392307;20249;Die heilige Cäcilie oder die Gewalt der Musik;Kleist_Heinrich_Die-heilige-Caecilie_1810;0;0;0;1;0;0;1;1;1810
7392307;20250;Die Marquise von O;Kleist_Heinrich_Die-Marquise-von-O_1808;0;0;0;1;0;0;1;1;1808
7392307;20252;Die Verlobung in St. Domingo;Kleist_Heinrich_Die-Verlobung-von-St-Domingo_1811;0;0;0;1;0;0;1;1;1811
7392307;20253;Der Zweikampf;Kleist_Heinrich_Der-Zweikampf_1811;0;0;0;1;0;0;1;1;1811
7392307;20254;Michael Kohlhaas;Kleist_Heinrich_Michael-Kohlhaas_1810;0;0;0;1;0;0;1;1;1810
32791319;20258;Meister Timpe;Kretzer_Max_Meister-Timpe_1888;0;0;0;0;0;1;1;1;1888
5722928;20259;Novellen;Kuernberger_Ferdinand_Der-Drache_1910;0;0;0;0;0;1;1;1;1861
74649241;20261;Der Sonnenwirt;Kurz_Hermann_Der-Sonnenwirt_1856;0;0;0;0;1;0;1;1;1856
36932939;20262;Rosaliens Briefe;La-Roche_Sophie_Rosaliens-Briefe_1780;1;0;0;0;0;0;1;1;1780
36932939;20263;Die zwei Schwestern;La-Roche_Sophie_Die-zwei-Schwestern_1786;1;0;0;0;0;0;1;1;1786
56743346;20269;Das Haus Bärburg oder der Familienzwist;Lafontaine_August_Das-Haus-Baerburg_1805;0;0;0;1;0;0;1;1;1805
56687156;20285;Großmüthiger Feldherr Arminius;Lohenstein_Daniel_Arminius_1689;1;0;0;0;0;0;1;1;1689
59178886;20296;Im Hause des Kommerzienrates;Marlitt_Eugenie_Im-Hause-des-Kommerzienrates_1877;0;0;0;0;0;1;1;1;1877
59178886;20297;Reichsgräfin Gisela;Marlitt_Eugenie_Reichsgraefin-Gisela_1869;0;0;0;0;0;1;1;1;1869
59178886;20298;Goldelse;Marlitt_Eugenie_Goldelse_1867;0;0;0;0;0;1;1;1;1867
95153180;20304;Die Versuchung des Pescara;Meyer_Conrad-Ferdinand_Die-Versuchung-des-Pescara_1887;0;0;0;0;0;1;1;1;1887
95153180;20305;Die Richterin;Meyer_Conrad-Ferdinand_Die-Richterin_1885;0;0;0;0;0;1;1;1;1885
95153180;20306;Plautus im Nonnenkloster;Meyer_Conrad-Ferdinand_Plautus-im-Nonnenkloster_1881;0;0;0;0;0;1;1;1;1881
95153180;20307;Gustav Adolfs Page;Meyer_Conrad-Ferdinand_Gustav-Adolfs-Page_1882;0;0;0;0;0;1;1;1;1882
95153180;20308;Angela Borgia;Meyer_Conrad-Ferdinand_Angela-Borgia_1891;0;0;0;0;0;1;1;1;1891
95153180;20309;Das Amulett;Meyer_Conrad-Ferdinand_Das-Amulett_1873;0;0;0;0;0;1;1;1;1873
95153180;20310;Jürg Jenatsch;Meyer_Conrad-Ferdinand_Juerg-Jenatsch_1876;0;0;0;0;0;1;1;1;1876
95153180;20311;Der Heilige;Meyer_Conrad-Ferdinand_Der-Heilige_1880;0;0;0;0;0;1;1;1;1880
95153180;20312;Die Hochzeit des MÃ¶nchs;Meyer_Conrad-Ferdinand_Die-Hochzeit-des-Moenchs_1884;0;0;0;0;0;1;1;1;1884
95153180;20313;Die Leiden eines Knaben;Meyer_Conrad-Ferdinand_Die-Leiden-eines-Knaben_1883;0;0;0;0;0;1;1;1;1883
95153180;20314;Der Schuss von der Kanzel;Meyer_Conrad-Ferdinand_Der-Schuss-von-der-Kanzel_1878;0;0;0;0;0;1;1;1;1878
12312842;20320;Maler Nolten;Moerike_Eduard_Maler-Nolten_1836;0;0;0;0;0;1;1;1;1836
66482269;20322;Anton Reiser;Moritz_Karl-Philipp_Anton-Reiser_1785;1;0;0;0;0;0;1;1;1785
44298932;20324;Der Zauberring;Motte-Fouque_Friedrich_Der-Zauberring_1813;0;0;0;0;1;0;1;1;1813
44298932;20325;Die Fahrten Thiodolfs des Isländers;Motte-Fouque_Friedrich_Die-Fahrten-Thiodolfs-des-Islaenders_1815;0;0;0;0;1;0;1;1;1815
44298932;20327;Sintram und seine Gefährten;Motte-Fouque_Friedrich_Sintram-und-seine-Gefaehrten_1814;0;0;0;0;1;0;1;1;1814
2573718;20332;Adams erstes Erwachen und erste seelige Nächte;Mueller_Friedrich_Adams-erstes-Erwachen-und-erste-seelige-Naechte_1778;1;0;0;0;0;0;1;1;1778
29557811;20340;Hermann von Unna;Naubert_Christine_Hermann-von-Unna_1788;0;1;0;0;0;0;1;1;1788
29557811;20341;Der Amtmann von Hohenweiler;Naubert_Benedikte_Der-Amtmann-von-Hohenweiler_1787;0;1;0;0;0;0;1;1;1787
64011067;20348;GrÃ¶nländische Prozesse;Paul_Jean_Groenlaendische-Prozesse_1783;0;0;0;1;0;0;1;1;1783
64011067;20352;Der Komet oder Nikolaus Marggarf;Paul_Jean_Der-Komet_1820;0;0;0;1;0;0;1;1;1820
64011067;20353;Auswahl aus des Teufels Papieren;Paul_Jean_Auswahl-aus-des-Teufels-Papieren_1789;0;0;0;1;0;0;1;1;1789
2554551;20354;Lienhard und Getrud;Pestalozzi_Johann_Lienhard-und-Gertrud_1779;1;0;0;0;0;0;1;1;1779
64803830;20356;Der Büttnerbauer;Polenz_Wilhelm-von_Der-Buettnerbauer_1895;0;0;0;0;0;1;1;1;1895
64049111;20359;De Profundis;Przybyszewski_Stanislaw_De-Profundis_1895;0;0;0;0;0;1;1;1;1895
12379702;20367;Hastenbeck;Raabe_Wilhelm_Hastenbeck_1898;0;0;0;0;0;1;1;1;1898
12379702;20368;Odfeld;Raabe_Wilhelm_Odfeld_1888;0;0;0;0;0;1;1;1;1888
12379702;20370;Horacker;Raabe_Wilhelm_Horacker_1876;0;0;0;0;0;1;1;1;1876
12379702;20373;Der Hungerpastor;Raabe_Wilhelm_Der-Hungerpastor_1864;0;0;0;0;0;1;1;1;1864
12379702;20374;Der Schüdderump;Raabe_Wilhelm_Der-Schuedderump_1869;0;0;0;0;0;1;1;1;1869
12379702;20375;Abu Telfan;Raabe_Wilhelm_Abu-Telfan_1867;0;0;0;0;0;1;1;1;1867
12379702;20376;Akten des Vogelsangs;Raabe_Wilhelm_Akten-des-Vogelsangs_1896;0;0;0;0;0;1;1;1;1896
12379702;20380;Chronik der Sperlingsgasse;Raabe_Wilhelm_Chronik-der-Sperlingsgasse_1857;0;0;0;0;0;1;1;1;1857
12379702;20385;Pfisters Mühle;Raabe_Wilhelm_Pfisters-Muehle_1884;0;0;0;0;0;1;1;1;1884
30336727;20387;Aus dem Böhmerwalde;Rank_Josef_Aus-dem-Boehmerwalde_1842;0;0;0;0;1;0;1;1;1842
14939338;20389;Ellen von der Weiden;Reuter_Gabriele_Ellen-von-der-Weiden_1900;0;0;0;0;0;1;1;1;1900
14939338;20390;Aus guter Familie;Reuter_Gabriele_Aus-guter-Familie_1908;0;0;0;0;0;1;1;1;1908
46774513;20397;Als ich noch der Waldbauernbub war;Rosegger_Peter_Als-ich-noch-der-Waldbauernbub-war_1902;0;0;0;0;0;1;1;1;1902
46774513;20399;Jakob der Letzte;Rosegger_Peter_Jakob-der-Letzte_1888;0;0;0;0;0;1;1;1;1888
20436867;20400;Der Vorabend des Weihnachtsfestes;Rothpletz_Anna_Der-Vorabend-des-Weihnachtsfestes_1839;0;0;0;0;0;1;1;1;1839
34473501;20402;Die Geigerin;Saar_Ferdinand_Die-Geigerin_1875;0;0;0;0;0;1;1;1;1875
34473501;20406;Der Steinklopfer;Saar_Ferdinand_Der-Steinklopfer_1874;0;0;0;0;0;1;1;1;1874
34473501;20410;Innocens;Saar_Ferdinand_Innocens_1865;0;0;0;0;0;1;1;1;1865
49219964;20424;Wunderlicher Traum von einem großen Narrennest;Santa-Clara_Abraham-a_Wunderlicher-Traum-von-einem-grossen-Narrennest_1703;0;1;0;0;0;0;1;1;1703
96994450;20427;Der Verbrecher aus verlorener Ehre;Schiller_Friedrich_Verbrecher-aus-verlorener-Ehre_1786;0;0;1;0;0;0;1;1;1786
51836502;20435;Allerhand Kreuzköpf. Geschichten und Gestalten aus den Tiroler Alpen;Schoenherr_Karl_Allerhand-Kreuzkoepf_1895;0;0;0;0;0;1;1;1;1895
10621413;20440;Tino Moralt. Kampf und Ende eines Künstlers;Siegfried_Walter_Tino-Moralt_1890;0;0;0;0;0;1;1;1;1890
12354942;20441;Sturmflut;Spielhagen_Friedrich_Sturmflut_1877;0;0;0;0;0;1;1;1;1877
12354942;20442;Problematische Naturen;Spielhagen_Friedrich_Problematische-Naturen_1861;0;0;0;0;0;1;1;1;1861
12354942;20443;Hammer und Amboß;Spielhagen_Friedrich_Hammer-und-Amboss_1869;0;0;0;0;0;1;1;1;1869
12354942;20444;Freigeboren;Spielhagen_Friedrich_Freigeboren_1900;0;0;0;0;0;1;1;1;1900
120696319;20446;Conrad der Leutnant;Spitteler_Carl_Conrad-der-Leutnant_1912;0;0;0;0;0;1;1;1;1912
22149114;20453;Der Condor;Stifter_Adalbert_Der-Condor_1840;0;0;0;1;0;0;1;1;1840
22149114;20456;Die Narrenburg;Stifter_Adalbert_Die-Narrenburg_1843;0;0;0;1;0;0;1;1;1843
41854816;20466;Ein Doppelgänger;Storm_Theodor_Ein-Doppelgaenger_1887;0;0;0;0;0;1;1;1;1887
41854816;20467;Ein Fest auf Haderslevhuus;Storm_Theodor_Ein-Fest-auf-Haderslevhuus_1885;0;0;0;0;0;1;1;1;1885
41854816;20468;Im Nachbarhause links;Storm_Theodor_Im-Nachbarhause-links_1875;0;0;0;0;0;1;1;1;1875
41854816;20469;Pole Poppenspäler;Storm_Theodor_Pole-Poppenspaeler_1874;0;0;0;0;0;1;1;1;1874
41854816;20470;Hans und Heinz Kirch;Storm_Theodor_Hans-und-Heinz-Kirch_1881;0;0;0;0;0;1;1;1;1881
41854816;20471;Immensee;Storm_Theodor_Immensee_1850;0;0;0;0;0;1;1;1;1850
41854816;20472;Aquis submersus;Storm_Theodor_Aquis-submersus_1878;0;0;0;0;0;1;1;1;1878
41854816;20473;Auf dem Staatshof;Storm_Theodor_Auf-dem-Staatshof_1859;0;0;0;0;0;1;1;1;1859
41854816;20474;Der Herr Etatsrat;Storm_Theodor_Der-Herr-Etatsrat_1881;0;0;0;0;0;1;1;1;1881
41854816;20475;Der Schimmelreiter;Storm_Theodor_Der-Schimmelreiter_1888;0;0;0;0;0;1;1;1;1888
41854816;20476;Draußen im Heidedorf;Storm_Theodor_Draussen-im-Heidedorf_1872;0;0;0;0;0;1;1;1;1872
41854816;20477;Schweigen;Storm_Theodor_Schweigen_1883;0;0;0;0;0;1;1;1;1883
41854816;20478;Zur Chronik von Grieshuus;Storm_Theodor_Zur-Chronik-von-Grieshuus_1883;0;0;0;0;0;1;1;1;1883
41854816;20479;Zur Wald- und Wasserfreude;Storm_Theodor_Zur-Wald-und-Wasserfreude_1880;0;0;0;0;0;1;1;1;1880
41854816;20480;Renate;Storm_Theodor_Renate_1878;0;0;0;0;0;1;1;1;1878
95160848;20482;Die Waffen nieder!;Suttner_Bertha-von_Die-Waffen-nieder_1889;0;0;0;0;0;1;1;1;1889
34463780;20485;Der blonde Eckbert;Tieck_Ludwig_Der-blonde-Eckbert_1796;0;0;0;1;0;0;1;1;1796
34463780;20486;Des Lebens Überfluß;Tieck_Ludwig_Des-Lebens-Ueberfluss_1839;0;0;0;1;0;0;1;1;1839
34463780;20487;Die Elfen;Tieck_Ludwig_Die-Elfen_1812;0;0;0;1;0;0;1;1;1812
34463780;20488;Der getreue Eckart und der Tannhäuser;Tieck_Ludwig_Der-getreue-Eckart_1799;0;0;0;1;0;0;1;1;1799
34463780;20492;Runenberg;Tieck_Ludwig_Runenberg_1802;0;0;0;1;0;0;1;1;1802
34463780;20493;Die Vogelscheuche;Tieck_Ludwig_Die-Vogelscheuche_1834;0;0;0;1;0;0;1;1;1834
34463780;20496;Volksmärchen von Peter Leberecht;Tieck_Ludwig_Peter-Leberecht_1797;0;0;0;1;0;0;1;1;1797
22228953;20509;Das Weiberdorf;Viebig_Clara_Das-Weiberdorf_1900;0;0;0;0;0;1;1;1;1900
4969473;20515;Leben und Taten des berühmten Ritters Schnapphahnski;Weerth_Georg_Ritter-Schnapphahnski_1849;0;0;0;1;0;0;1;1;1849
39838762;20540;Das Naturforscherschiff;Woerishoeffer_Sophie_Das-Naturforscherschiff_1881;0;0;0;0;0;1;1;1;1881
45098089;20542;Asiatische Banise;Ziegler_Heinrich_Asiatische-Bansie_1689;1;0;0;0;0;0;1;1;1689
56743380;20544;Addrich im Moos;Zschokke_Johann_Addrich-im-Moos_1825;0;0;0;1;0;0;1;1;1825
56743380;20545;Der Freihof von Aarau;Zschokke_Johann_Der-Freihof-von-Aarau_1823;0;0;0;1;0;0;1;1;1823
56743380;20546;Die Rose von Disentis;Zschokke_Johann_Die-Rose-von-Disentis_1844;0;0;0;1;0;0;1;1;1844
14765396;20008;Wie wunderbar ---;Altenberg_Peter_Wie-wunderbar_1914;0;0;0;0;0;0;0;0;1914
100175755;20013;Die Einquartierung im Pfarrhaus;Arnim_Achim_Die-Einquartierung-im-Pfarrhaus_1817;0;0;0;0;0;0;0;0;1817
100175755;20014;Isabella von Ã„gypten;Arnim_Achim_Isabella-von-Aegypten_1812;0;0;0;0;0;0;0;0;1812
100175755;20015;Die drei liebreichen Schwestern und der glückliche Färber;Arnim_Achim_Die-drei-liebreichen-Schwestern_1812;0;0;0;0;0;0;0;0;1812
100175755;20016;Der Wintergarten;Arnim_Achim_Der-Wintergarten_1809;0;0;0;0;0;0;0;0;1809
100175755;20017;Majoratsherren;Arnim_Achim_Majoratsherren_1818;0;0;0;0;0;0;0;0;1818
100175755;20018;Die Kronenwächter;Arnim_Achim_Die-Kronenwaechter_1817;0;0;0;0;0;0;0;0;1817
100175755;20019;Hollin's Liebeleben;Arnim_Achim_Hollins-Liebeleben_1802;0;0;0;0;0;0;0;0;1802
7386152;20020;Die Günderrode;Arnim_Bettina_Die-Guenderrode_1844;0;0;0;0;0;0;0;0;1844
7386152|68964783 ;20022;Das Leben der Hochgräfin Gritta von Rattenzuhausbeiuns;Arnim-Arnim_Bettina-Gisela_Rattenzuhausbeiuns_1844;0;0;0;0;0;0;0;0;1844
47561633;20023;Tagebuchblätter einer Emanzipierten;Asenijeff_Elsa_Tagebuchblaetter-einer-Emanzipierten_1902;0;0;0;0;0;0;0;0;1902
62342241;20024;Aus dem Leben einer Frau;Aston_Louise_Aus-dem-Leben-einer-Frau_1847;0;0;0;0;0;0;0;0;1847
77118114;20036;Tagebuch einer Verlorenen;Boehme_Margarete_Tagebuch-einer-Verlorenen_1905;0;0;0;0;0;0;0;0;1905
13120467;20038;Käthes Federhut;Breden_Christine-von_Kaethes-Federhut_1876;0;0;0;0;0;0;0;0;1876
13120467;20039;Jungfer Mutter;Breden_Christine-von_Jungfer-Mutter_1892;0;0;0;0;0;0;0;0;1892
13120467;20040;Rahel;Breden_Christine-von_Rahel_1876;0;0;0;0;0;0;0;0;1876
73863902;20041;Die mehreren Wehmüller und ungarischen Nationaldicher;Brentano_Clemens_Die-mehreren-Wehmueller-und-ungarischen-Nationaldicher_1817;0;0;0;0;0;0;0;0;1817
73863902;20042;Gockel, Hinkel und Gackeleia;Brentano_Clemens_Gockel-Hinkel-und-Gackeleia_1837;0;0;0;0;0;0;0;0;1837
73863902;20043;Godwi;Brentano_Clemens_Godwi_1801;0;0;0;0;0;0;0;0;1801
73863902;20044;Das Märchen vom Schneider Siebentodt auf einen Schlag;Brentano_Clemens_Das-Maerchen-vom-Schneider-Siebentodt-auf-einen-Schlag_1810;0;0;0;0;0;0;0;0;1810
73863902;20045;Das Märchen von dem Hause Staarenberg und den Ahnen des Müllers Radlauf;Brentano_Clemens_Das-Maerchen-von-dem-Hause-Staarenberg-und-den-Ahnen-des-Muellers-Radlauf_1810;0;0;0;0;0;0;0;0;1810
73863902;20046;Die Schachtel mit der Friedenspuppe;Brentano_Clemens_Die-Schachtel-mit-der-Friedenspuppe_1815;0;0;0;0;0;0;0;0;1815
73863902;20047;Märchen von dem Rhein und dem Müller Radlauf;Brentano_Clemens_Maerchen-von-dem-Rhein-und-dem-Mueller-Radlauf_1810;0;0;0;0;0;0;0;0;1810
73863902;20048;Das Märchen von Fanferlieschen SchÃ¶nefüßchen;Brentano_Clemens_Das-Maerchen-von-Fanferlieschen-Schoenefuesschen_1846;0;0;0;0;0;0;0;0;1846
73863902;20050;Die Chronika des fahrenden Schülers;Brentano_Clemens_Die-Chronika-des-fahrenden-Schuelers_1802;0;0;0;0;0;0;0;0;1802
36914262;20051;Lenz;Buechner_Georg_Lenz_1839;0;0;0;0;0;0;0;0;1839
74130481;20054;Die Beichte der Narren;Conrad_Michael-Georg_Die-Beichte-der-Narren_1893;0;0;0;0;0;0;0;0;1893
74130481;20055;Was die Isar rauscht;Conrad_Michael-Georg_Was-die-Isar-rauscht_1887;0;0;0;0;0;0;0;0;1887
47014442;20057;Adam Mensch;Conradi_Hermann_Adam-Mensch_1889;0;0;0;0;0;0;0;0;1889
95175153;20058;Die wilde Ursula;Courths-Mahler_Hedwig_Die-wilde-Ursula_1912;0;0;0;0;0;0;0;0;1912
9944462;20060;Der Übergang;David_Jakob-Julius_Der-Uebergang_1902;0;0;0;0;0;0;0;0;1902
9944462;20061;Hanna;David_Jakob-Julius_Hanna_1904;0;0;0;0;0;0;0;0;1904
51688166;20062;Ermordung einer Butterblume;Doeblin_Alfred_Ermordung-einer-Butterblume_1910;0;0;0;0;0;0;0;0;1910
27226737;20065;Wie Frauen werden. Werde, die Du bist;Dohm_Hedwig_Wie-Frauen-werden_1894;0;0;0;0;0;0;0;0;1894
56618775;20067;Die Judenbuch;Droste-Huelshoff_Annette_Die-Judenbuche_1842;0;0;0;0;0;0;0;0;1842
32743510;20068;Marquise von Pompadur. Ein Roman aus galanter Zeit;Duncker_Dora_Marquise-von-Pompadur_1913;0;0;0;0;0;0;0;0;1913
67259743;20069;Eine Ägyptische Königstocher;Ebers_George_Eine-aegyptische-Koenigstocher_1864;0;0;0;0;0;0;0;0;1864
51684049;20079;Bozena;Ebner-Eschenbach_Marie_Bozena_1876;0;0;0;0;0;0;0;0;1876
41868516;20083;Tubutsch;Ehrenstein_Albert_Tubutsch_1911;0;0;0;0;0;0;0;0;1911
54253975;20084;Nina's Briefe an ihren Geliebten;Ehrmann_Marianne_Ninas-Briefe_1788;0;0;0;0;0;0;0;0;1788
54253975;20085;Amalie. Eine wahre Geschichte in Briefen;Ehrmann_Marianne_Amelie_1788;0;0;0;0;0;0;0;0;1788
7399816;20089;Libertas und ihrer Freier;Eichendorff_Joseph_Libertas-und-ihrer-Freier_1848;0;0;0;0;0;0;0;0;1848
7399816;20091;Das Schloß Dürande ;Eichendorff_Joseph_Das-Schloss-Duerande_1817;0;0;0;0;0;0;0;0;1817
7399816;20092;Marmorbild;Eichendorff_Joseph_Das-Marmorbild_1818;0;0;0;0;0;0;0;0;1818
7399816;20093;Auch ich war in Arkadien;Eichendorff_Joseph_Auch-ich-war-in-Arkadien_1832;0;0;0;0;0;0;0;0;1832
7399816;20094;Die Glücksritter;Eichendorff_Joseph_Die-Gluecksritter_1841;0;0;0;0;0;0;0;0;1841
32747873;20095;Dolorosa - Tagebuch einer Erzieherin;Eichhorn_Marie_Dolorosa_1904;0;0;0;0;0;0;0;0;1904
34473997;20096;Bebuquin oder die Dilettanten des Wunders;Einstein_Carl_Bebuquin_1912;0;0;0;0;0;0;0;0;1912
69685337;20097;Freiheit, die ich meine;Ertl_Emil_Freiheit-die-ich-meine_1909;0;0;0;0;0;0;0;0;1909
69685337;20098;Die Leute vom blauen Gucuckhaus;Ertl_Emil_Die-Leute-vom-blauen-Gucuckhaus_1906;0;0;0;0;0;0;0;0;1906
69685337;20099;Auf der Wegwacht;Ertl_Emil_Auf-der-Wegwacht_1911;0;0;0;0;0;0;0;0;1911
260841847;20100;Reich und Arm. Eine Geschichte aus dem Bregenzerwalde;Felder_Franz-Michael_Reich-und-Arm_1868;0;0;0;0;0;0;0;0;1868
41840061;20101;Mathilde MÃ¶hring;Fontane_Theodor_Mathilde-Moehring_1906;0;0;0;0;0;0;0;0;1906
41840061;20103;Stine;Fontane_Theodor_Stine_1890;0;0;0;0;0;0;0;0;1890
41840061;20108;Effi Briest;Fontane_Theodor_Effi-Briest_1895;0;0;0;0;0;0;0;0;1895
41840061;20110;Quitt;Fontane_Theodor_Quitt_1890;0;0;0;0;0;0;0;0;1890
41840061;20113;Vor dem Sturm;Fontane_Theodor_Vor-dem-Sturm_1878;0;0;0;0;0;0;0;0;1878
44344883;20120;Jörn Uhl;Frenssen_Gustav_Joern-Uhl_1901;0;0;0;0;0;0;0;0;1901
49303093;20137;Wie fünf Mädchen im Branntwein jämmerlich umkommen;Gotthelf_Jeremias_Wie-fuenf-Maedchen-im-Branntwein-jaemmerlich-umkommen_1838;0;0;0;0;0;0;0;0;1838
49303093;20138;Wie Anne Bäbi Jowäger haushaltet und wie es ihm mit dem Doktern geht;Gotthelf_Jeremias_Wie-Anne-Baebi-Jowaeger-haushaltet-und-wie-es-ihm-mit-dem-Doktern-geht_1843;0;0;0;0;0;0;0;0;1843
49303093;20139;Kurt von Koppingen ;Gotthelf_Jeremias_Kurt-von-Koppingen_1842;0;0;0;0;0;0;0;0;1842
49303093;20142;Das Erdbeermareili;Gotthelf_Jeremias_Das-Erdbeermareili_1851;0;0;0;0;0;0;0;0;1851
49303093;20143;Jakobs des Handwerksgesellen Wanderungen durch die Schweiz;Gotthelf_Jeremias_Jakobs-des-Handwerksgesellen-Wanderungen-durch-die-Schweiz_1846;0;0;0;0;0;0;0;0;1846
49303093;20147;Elsi, die seltsame Magd;Gotthelf_Jeremias_Elsi-die-seltsame-Magd_1843;0;0;0;0;0;0;0;0;1843
12345937;20150;Das Kloster von Sendomir;Grillparzer_Franz_Das-Kloster-von-Sendomir_1828;0;0;0;0;0;0;0;0;1828
12345937;20151;Der arme Spielmann;Grillparzer_Franz_Der-arme-Spielmann_1847;0;0;0;0;0;0;0;0;1847
24667720;20152;Der Genius. Aus den Papieren des Marquis C* von G*;Grosse_Karl_Der-Genius_1791;0;0;0;0;0;0;0;0;1791
54189710;20155;Die Sadduzäer von Amsterdam;Gutzkow_Karl_Die-Sadduzaeer-von-Amsterdam_1834;0;0;0;0;0;0;0;0;1834
54189710;20157;Wally, die Zweiflerin;Gutzkow_Karl_Wally_1835;0;0;0;0;0;0;0;0;1835
66610632;20161;Die Marzipanlise;Halm_Friedrich_Die-Marzipanlise_1856;0;0;0;0;0;0;0;0;1856
85977831;20168;Im Reiche der Homunkuliden;Hawel_Rudolf_Im-Reiche-der-Homunkuliden_1910;0;0;0;0;0;0;0;0;1910
22180115;20169;Kannitverstan;Hebel_Johann-Peter_Kannitverstan_1808;0;0;0;0;0;0;0;0;1808
287467066;20173;Saly's Revolutionstage ;Hegner_Ulrich_Salys-Revolutionstage_1814;0;0;0;0;0;0;0;0;1814
287467066;20174;Die Molkenkur;Hegner_Ulrich_Die-Molkenkur_1812;0;0;0;0;0;0;0;0;1812
34457918;20175;Aus den Memoiren des Herrn Schnabelewopski;Heine_Heinrich_Aus-den-Memoiren-des-Herrn-Schnabelewopski_1833;0;0;0;0;0;0;0;0;1833
34457918;20176;Florentinische Nächte;Heine_Heinrich_Florentinische-Naechte_1836;0;0;0;0;0;0;0;0;1836
34457918;20177;Der Rabbi von Bacharach;Heine_Heinrich_Der-Rabbi-von-Bacharach_1840;0;0;0;0;0;0;0;0;1840
50765;20179;Fanchette;Heyse_Paul_Fanchette_1914;0;0;0;0;0;0;0;0;1914
50765;20181;Die Blinden;Heyse_Paul_Die-Blinden_1855;0;0;0;0;0;0;0;0;1855
50765;20184;Unwiederbringlich;Heyse_Paul_Unwiederbringlich_1914;0;0;0;0;0;0;0;0;1914
44395000;20188;Kreuz- und Querzüge des Ritters A bis Z;Hippel_Theodor-Gottlieb_Kreuz-und-Querzuege-des-Ritters-A-bis-Z_1793;0;0;0;0;0;0;0;0;1793
29535422;20206;Nußknacher und MausekÃ¶nig;Hoffmann_ETA_Nussknacher-und-Mausekoenig_1816;0;0;0;0;0;0;0;0;1816
103209512;20211;Reitergeschichte;Hoffmansthal_Hugo-von_Reitergeschichte_1899;0;0;0;0;0;0;0;0;1899
103209512;20212;Ein Brief;Hoffmansthal_Hugo-von_Ein-Brief_1902;0;0;0;0;0;0;0;0;1902
103209512;20213;Andreas oder die Vereinigten;Hoffmansthal_Hugo_Andreas-oder-die-Vereinigten_1907;0;0;0;0;0;0;0;0;1907
103209512;20214;Das Märchen der 672. Nacht;Hoffmansthal_Hugo_Das-Maerchen-der-672-Nacht_1895;0;0;0;0;0;0;0;0;1895
95147974;20215;Hyperion;Hoelderlin_Friedrich_Hyperion_1797;0;0;0;0;0;0;0;0;1797
66516702|64055661;20216;Papa Hamlet;Holz-Schlaf_Arno-Johannes_Papa-Hamlet_1889;0;0;0;0;0;0;0;0;1889
29584708;20217;Die Familie Seldorf;Huber_Therese_Familie-Seldorf_1795;0;0;0;0;0;0;0;0;1795
54190484;20218;Liebens-Würdigen Adalie;Hunold_Christian_Friedrich_Die-liebenswuerdige-Adalie_1681;0;0;0;0;0;0;0;0;1702
35224503;20219;Klamottenedes Hochzeit;Hyan_Hans_1000-Mark-Belohnung_1913;0;0;0;0;0;0;0;0;1913
49993781;20224;Atlas;Janitschek_Maria_Atlas_1893;0;0;0;0;0;0;0;0;1893
56611857;20226;Die Verwandlung;Kafka_Franz_Die-Verwandlung_1912;0;0;0;0;0;0;0;0;1912
56611857;20227;Das Urteil;Kafka_Franz_Das-Urteil_1913;0;0;0;0;0;0;0;0;1913
56611857;20228;Der Heizer;Kafka_Franz_Der-Heizer_1913;0;0;0;0;0;0;0;0;1913
52432257;20229;Mitgiftjäger;Kapff-Essenther_Franziska_Mitgiftjaeger_1898;0;0;0;0;0;0;0;0;1898
102319551;20231;Das Sinngedicht;Keller_Gottfried_Das-Sinngedicht_1882;0;0;0;0;0;0;0;0;1882
102319551;20234;Sieben Legenden;Keller_Gottfried_Sieben-Legenden_1872;0;0;0;0;0;0;0;0;1872
102319551;20243;Die Leute von Seldwyla;Keller_Gottfried_Die-Leute-von-Seldwyla_1856;0;0;0;0;0;0;0;0;1856
7392307;20251;Unwahrscheinliche Wahrhaftigkeiten;Kleist_Heinrich_Unwahrscheinlich-Wahrhaftigkeiten_1811;0;0;0;0;0;0;0;0;1811
73932790;20255;Nachtwachen des Bonaventura;Klingemann_August_Nachtwachen-des-Bonaventure_1804;0;0;0;0;0;0;0;0;1804
36932939;20264;Die glückliche Reise;La-Roche_Sophie_Die-glueckliche-Reise_1786;0;0;0;0;0;0;0;0;1786
36932939;20265;Liebe, Missverständnis und Freundschaft;La-Roche_Sophie_Liebe-Missverstaendnis-und-Freundschaft_1786;0;0;0;0;0;0;0;0;1786
36932939;20266;Der schwermütige Jüngling;La-Roche_Sophie_Der-schwermuethige-Juengling_1786;0;0;0;0;0;0;0;0;1786
36932939;20267;Ein guter Sohn;La-Roche_Sophie_Ein-guter-Sohn_1786;0;0;0;0;0;0;0;0;1786
61565628;20270;Der Prinz von Theben;Lasker-Schueler_Else_Der-Prinz-von-Theben_1914;0;0;0;0;0;0;0;0;1914
61565628;20271;Die Nächte Tino von Bagdads;Lasker-Schueler_Else_Die-Naechte-Tino-von-Bagdads_1907;0;0;0;0;0;0;0;0;1907
61565628;20272;Mein Herz. Ein Liebesroman mit Bildern und wirklich lebenden Menschen;Lasker-Schueler_Else_Mein-Herz_1912;0;0;0;0;0;0;0;0;1912
54243995;20274;Das junge Europa;Laube_Heinrich_Das-junge-Europa_1833;0;0;0;0;0;0;0;0;1833
90638588;20279;Der Waldbruder. Ein Pendant zu Werthers Leiden;Lenz_Jakob_Der-Waldbruder_1776;0;0;0;0;0;0;0;0;1776
90638588;20280;Zerbin oder die neuere Philospohie;Lenz_Jakob_Zerbin-oder-die-neuere-Philospohie_1775;0;0;0;0;0;0;0;0;1775
90638588;20281;Der Landprediger;Lenz_Jakob_Der-Landprediger_1777;0;0;0;0;0;0;0;0;1777
37269478;20283;Maria;Liebeskind_Margarete_Maria_1784;0;0;0;0;0;0;0;0;1784
34511994;20284;Der redliche Mann am Hofe;Loen_Johann-Michael_Der-redliche-Mann-am-Hofe_1742;0;0;0;0;0;0;0;0;1742
59858503;20287;Grillparzers Liebesroman;Lux_Jospeh-August_Grillparzers-Liebesroman_1912;0;0;0;0;0;0;0;0;1912
50017706;20288;Die Anarchisten;Mackay_John-Henry_Die-Anarchisten_1891;0;0;0;0;0;0;0;0;1891
36957174;20289;Der Untertan;Mann_Heinrich_Der-Untertan_1918;0;0;0;0;0;0;0;0;1911
36957174;20290;Die kleine Stadt;Mann_Heinrich_Die-kleine-Stadt_1909;0;0;0;0;0;0;0;0;1909
36957174;20291;Professor Unrat;Mann_Heinrich_Professor-Unrat_1904;0;0;0;0;0;0;0;0;1904
54151065;20292;Tonio Kröger;Mann_Thomas_Tonio-Kroeger_1903;0;0;0;0;0;0;0;0;1903
54151065;20293;Tristan;Mann_Thomas_Tristan_1903;0;0;0;0;0;0;0;0;1903
54151065;20294;Tod in Venedig;Mann_Thomas_Tod-in-Venedig_1912;0;0;0;0;0;0;0;0;1912
54151065;20295;Die Buddenbrooks;Mann_Thomas_Die-Buddenbrooks_1901;0;0;0;0;0;0;0;0;1901
24605183;20299;Ardistan und Dschinnistan;May_Karl_Ardistan-und-Dschinnistan_1909;0;0;0;0;0;0;0;0;1909
24605183;20300;Das Waldröschen;May_Karl_Das-Waldroeschen_1883;0;0;0;0;0;0;0;0;1883
44308263;20301;Die Seelen-Folter;Meissner_August-Gottlieb_Die-Seelen-Folter_1799;0;0;0;0;0;0;0;0;1799
120725874;20302;Das Blüthenalter der Empfindung;Mereau_Sophie_Bluethenalter-der-Empfindung_1794;0;0;0;0;0;0;0;0;1794
120725874;20303;Eduard und Amanda;Mereau_Sophie_Amanda-und-Eduard_1803;0;0;0;0;0;0;0;0;1803
59086614;20315;Des deutschen Spießers Wunderhorn;Meyrink_Gustav_Des-deutschen-Spiessers-Wunderhorn_1913;0;0;0;0;0;0;0;0;1913
18018495;20317;Die Mandanen-Waise;Moellhausen_Balduin_Die-Mandanen-Waise_1865;0;0;0;0;0;0;0;0;1865
12312842;20318;Die Hand der Jezerte;Moerike_Eduard_Die-Hand-der-Jezerte_1853;0;0;0;0;0;0;0;0;1853
12312842;20319;Mozart auf der Reise nach Prag;Moerike_Eduard_Mozart-auf-der-Reise-nach-Prag_1855;0;0;0;0;0;0;0;0;1855
12312842;20321;Das Stuttgarter Hutzelmännlein;Moerike_Eduard_Das-Stuttgarter-Hutzelmaennchen_1853;0;0;0;0;0;0;0;0;1853
34482994;20323;Rodrich;Motte-Fouque_Caroline_Rodrich_1807;0;0;0;0;0;0;0;0;1807
44298932;20328;Eine Geschichte vom Galgenmännlein;Motte-Fouque_Friedrich_Eine-Geschichte-vom-Galgenmaennlein_1810;0;0;0;0;0;0;0;0;1810
2573718;20330;Der Satyr Mopus;Mueller_Friedrich_Der-Satyr-Mopus_1775;0;0;0;0;0;0;0;0;1775
2573718;20331;Das Nuß-Kernen;Mueller_Friedrich_Das-Nuss-Kernen_1778;0;0;0;0;0;0;0;0;1778
95201837;20333;Der große Schwabenzug;Mueller-Guttenbrunn_Adam_Der-grosse-Schwabenzug_1913;0;0;0;0;0;0;0;0;1913
104587;20335;Moderne Lebenswirren Briefe und Zeitabenteuer eines Salzschreibers;Mundt_Theodor_Moderne-Lebenswirren-Briefe-und-Zeitabenteuer-eines-Salzschreibers_1834;0;0;0;0;0;0;0;0;1834
46799598;20337;Vereinigungen;Musil_Robert_Vereinigungen_1911;0;0;0;0;0;0;0;0;1911
46799598;20338;Verwirrungen des Zoeglings Toerless;Musil_Robert_Die-Verwirrungen-des-Zoegling-Toerless_1906;0;0;0;0;0;0;0;0;1906
52453518;20339;Tagebuch eines armen Fräuleins;Nathusius_Marie_Tagebuch-eines-armen-Fraeuleins_1854;0;0;0;0;0;0;0;0;1854
24643054;20342;Das Leben und die Meinung des Herrn Magister Sebaldus Nothanker;Nicolai_Friedrich_Sebaldus-Nothanker-1773;0;0;0;0;0;0;0;0;1773
89798474;20343;Also sprach Zarathustra;Nietzsche_Friedrich_Also-sprach-Zarathustra_1883;0;0;0;0;0;0;0;0;1883
95155102;20344;Heinrich von Ofterdingen;Novalis_Novalis_Heinrich-von-Ofterdingen_1802;0;0;0;0;0;0;0;0;1802
95155102;20345;Die Lehrlinge zu Sais;Novalis_Novalis_Die-Lehrlinge-zu-Sais_1798;0;0;0;0;0;0;0;0;1798
18014534;20346;Schloß und Fabrik;Otto-Peters_Louise_Schloss-und-Fabrik_1846;0;0;0;0;0;0;0;0;1846
2554551;20355;Figuren zu meinem ABC oder zu den Anfangsgründen meines Denkens;Pestalozzi_Johann_Figuren-zu-meinem-ABC-oder-zu-den-Anfangsgruenden-meines-Denkens_1798;0;0;0;0;0;0;0;0;1798
30282883;20357;Wiener Skizzen aus dem Gerichtssaal;Poetzl_Eduard_Wiener-Skizzen-aus-dem-Gerichtssaal_1884;0;0;0;0;0;0;0;0;1884
64049111;20358;Androgyne;Przybyszewski_Stanislaw_Androgyne_1906;0;0;0;0;0;0;0;0;1906
64049111;20360;Totenmesse;Przybyszewski_Stanislaw_Totenmesse_1893;0;0;0;0;0;0;0;0;1893
12379702;20361;Altershausen;Raabe_Wilhelm_Altershausen_1902;0;0;0;0;0;0;0;0;1902
12379702;20362;Aus dem Lebensbuch des Schulmeisterleins Michel Haas;Raabe_Wilhelm_Aus-dem-Lebensbuch-des-Schulmeisterleins_1862;0;0;0;0;0;0;0;0;1862
12379702;20363;Alte Nester;Raabe_Wilhelm_Alte-Nester_1880;0;0;0;0;0;0;0;0;1880
12379702;20364;Das letzte Recht;Raabe_Wilhelm_Das-letzte-Recht_1862;0;0;0;0;0;0;0;0;1862
12379702;20365;Höxter und Corvey;Raabe_Wilhelm_Hoexter-und-Corvey_1879;0;0;0;0;0;0;0;0;1879
12379702;20366;Frau Salome;Raabe_Wilhelm_Frau-Salome_1879;0;0;0;0;0;0;0;0;1879
12379702;20369;Holunderblüte;Raabe_Wilhelm_Holunderbluete_1863;0;0;0;0;0;0;0;0;1863
12379702;20371;Die schwarze Galeere;Raabe_Wilhelm_Die-schwarze-Galeere_1861;0;0;0;0;0;0;0;0;1861
12379702;20372;Eine Grabrede aus dem Jahr 1609;Raabe_Wilhelm_Eine-Grabrede-aus-dem-Jahr-1609_1865;0;0;0;0;0;0;0;0;1865
12379702;20377;Das Innerste;Raabe_Wilhelm_Das-Innerste_1878;0;0;0;0;0;0;0;0;1878
12379702;20378;Zum wilden Mann;Raabe_Wilhelm_Zum-wilden-Mann_1874;0;0;0;0;0;0;0;0;1874
12379702;20379;Sankt Thomas;Raabe_Wilhelm_Sankt-Thomas_1866;0;0;0;0;0;0;0;0;1866
12379702;20381;Vom alten Proteus;Raabe_Wilhelm_Vom-alten-Proteus_1879;0;0;0;0;0;0;0;0;1879
12379702;20382;Keltische Knochen;Raabe_Wilhelm_Keltische-Knochen_1864;0;0;0;0;0;0;0;0;1864
12379702;20383;Eulenpfingsten;Raabe_Wilhelm_Eulenpfingsten_1879;0;0;0;0;0;0;0;0;1879
12379702;20384;Stopfkuchen;Raabe_Wilhelm_Stopfkuchen_1890;0;0;0;0;0;0;0;0;1890
12379702;20386;Else von der Tanne;Raabe_Wilhelm_Else-von-der-Tanne_1865;0;0;0;0;0;0;0;0;1865
111579579;20388;Schelmuffsky;Reuter_Christian-Friedrich_Schelmuffsky_1696;0;0;0;0;0;0;0;0;1696
44340215;20391;Ellen Olestjerne;Reventlow_Franziska_Ellen-Olestjerne_1903;0;0;0;0;0;0;0;0;1903
44340215;20392;Herrn Dames Aufzeichnungen aus einem merkwürdigen Stadtteil;Reventlow_Franziska_Herrn-Dames-Aufzeichnungen_1912;0;0;0;0;0;0;0;0;1913
44340215;20393;Von Paul zu Pedro;Reventlow_Franziska_Von-Paul-zu-Pedro_1912;0;0;0;0;0;0;0;0;1912
46897170;20394;Die Weise von Liebe und Tod des Cornets Christoph Rilke;Rilke_Rainer-Maria_Die-Weise-von-Liebe-und-Tod_1904;0;0;0;0;0;0;0;0;1904
46897170;20395;Die Turnstunde;Rilke_Rainer-Maria_Die-Turnstunde_1899;0;0;0;0;0;0;0;0;1899
46897170;20396;Die Aufzeichnungen des Malte Laurids Brigge;Rilke_Rainer-Maria_Malte-Laurids-Brigge_1910;0;0;0;0;0;0;0;0;1919
46774513;20398;Die Schriften des Waldschulmeister;Rosegger_Peter_Die-Schriften-des-Waldschulmeister_1875;0;0;0;0;0;0;0;0;1875
34473501;20401;Die Familie Worel;Saar_Ferdinand_Die-Familie-Worel_1906;0;0;0;0;0;0;0;0;1906
34473501;20403;Geschichten eines Wienerkindes;Saar_Ferdinand_Geschichten-eines-Wienerkindes_1891;0;0;0;0;0;0;0;0;1891
34473501;20404;Tambi;Saar_Ferdinand_Tambi_1882;0;0;0;0;0;0;0;0;1882
34473501;20405;Hymnen;Saar_Ferdinand_Hymen_1908;0;0;0;0;0;0;0;0;1908
34473501;20407;Schloß Kostenitz;Saar_Ferdinand_Schloss-Kostenitz_1892;0;0;0;0;0;0;0;0;1892
34473501;20408;Leutnant Burda;Saar_Ferdinand_Leutnant-Burda_1887;0;0;0;0;0;0;0;0;1887
34473501;20409;Vae victis;Saar_Ferdinand_Vae-victis_1883;0;0;0;0;0;0;0;0;1883
34473501;20411;Der Exzellenzherr;Saar_Ferdinand_Der-Exzellenzherr_1878;0;0;0;0;0;0;0;0;1878
34473501;20412;Herr Fridolin und sein Glück;Saar_Ferdinand_Herr-Fridolin-und-sein-Glueck_1897;0;0;0;0;0;0;0;0;1897
34473501;20413;Sappho;Saar_Ferdinand_Sappho_1906;0;0;0;0;0;0;0;0;1906
34473501;20414;Ninon;Saar_Ferdinand_Ninon_1892;0;0;0;0;0;0;0;0;1892
34473501;20415;Der Hellene;Saar_Ferdinand_Der-Hellene_1904;0;0;0;0;0;0;0;0;1904
34473501;20416;Requiem der Liebe;Saar_Ferdinand_Requiem-der-Liebe_1897;0;0;0;0;0;0;0;0;1897
34473501;20417;Die Pfründner;Saar_Ferdinand_Die-Pfruendner_1906;0;0;0;0;0;0;0;0;1906
34473501;20418;Die Troglodytin;Saar_Ferdinand_Die-Troglodytin_1889;0;0;0;0;0;0;0;0;1889
64011430;20419;Venus im Pelz;Sacher-Masoch_Venus-im-Pelz_1869;0;0;0;0;0;0;0;0;1869
64011430;20420;Don Juan von Kolomea;Sacher-Masoch_Leopold_Don-Juan-von-Kolomea_1866;0;0;0;0;0;0;0;0;1866
64011430;20421;Moses Goldfarb und sein Haus;Sacher-Masoch_Leopold_Moses-Goldfarb-und-sein-Haus_1878;0;0;0;0;0;0;0;0;1878
64011430;20422;Grausame Frauen;Sacher-Masoch_Leopold_Lola_1907;0;0;0;0;0;0;0;0;1907
10641395;20423;Paralyse;Sack_Gustav_Paralyse_1913;0;0;0;0;0;0;0;0;1913
64055661;20428;Frühling;Schlaf_Johannes_Fruehling_1896;0;0;0;0;0;0;0;0;1896
95307649;20429;Florentin;Schlegel_Dorothea_Florentin_1801;0;0;0;0;0;0;0;0;1801
59099547;20430;Lucinde;Schlegel_Friedrich_Lucinde_1799;0;0;0;0;0;0;0;0;1799
47572642;20431;Wiener Blut;Schloegl_Friedrich_Wiener-Blut_1873;0;0;0;0;0;0;0;0;1873
9938248;20432;Der im Irr-Garten der Liebe herum taumelnde Cavalier;Schnabel_Johann-Gottfried_Cavalier_1738;0;0;0;0;0;0;0;0;1738
82526567;20434;Leutnant Gustl;Schnitzler_Arthur_Leutnant-Gustl_1900;0;0;0;0;0;0;0;0;1900
45079249;20437;Ums Herz;Schweichel_Robert_Ums-Herz_1907;0;0;0;0;0;0;0;0;1907
120696319;20445;Die Mädchenfeinde;Spitteler_Carl_Die-Maedchenfeinde_1907;0;0;0;0;0;0;0;0;1907
120696319;20447;Imago;Spitteler_Carl_Imago_1906;0;0;0;0;0;0;0;0;1906
76323123;20448;Heidis Lehr- und Wanderjahre;Spyri_Johanna_Heidis-Lehr-und-Wanderjahre_1880;0;0;0;0;0;0;0;0;1880
76323123;20449;Heidi kann brauchen, was es gelernt hat;Spyri_Johanna_Heidi-kann-brauchen-was-es-gelernt-hat_1881;0;0;0;0;0;0;0;0;1881
22149114;20452;Der Waldbrunnen;Stifter_Adalbert_Der-Waldbrunnen_1866;0;0;0;0;0;0;0;0;1866
22149114;20460;Prokopus;Stifter_Adalbert_Prokopus_1848;0;0;0;0;0;0;0;0;1848
22149114;20465;Witiko;Stifter_Adalbert_Witiko_1865;0;0;0;0;0;0;0;0;1865
71513252;20481;Eleagabal Kuperus;Strobl_Karl-Hans_Eleagabal-Kuperus_1910;0;0;0;0;0;0;0;0;1910
71406093;20483;Andreas Vöst;Thoma_Ludwig_Andreas-Voest_1905;0;0;0;0;0;0;0;0;1905
34463780;20484;Aufruhr in den Cevennen;Tieck_Ludwig_Aufruhr-in-den-Cevennen_1826;0;0;0;0;0;0;0;0;1826
34463780;20491;Liebeszauber;Tieck_Ludwig_Liebeszauber_1812;0;0;0;0;0;0;0;0;1812
27116260;20498;Belinde;Tieck_Sophie_Belinde_1802;0;0;0;0;0;0;0;0;1802
27116260;20499;Alcandor und Angelica;Tieck_Sophie_Alcandor-und-Angelica_1802;0;0;0;0;0;0;0;0;1802
27116260;20500;Der Unglückliche;Tieck_Sophie_Der-Unglueckliche_1802;0;0;0;0;0;0;0;0;1802
27116260;20501;Das Reh;Tieck_Sophie_Das-Reh_1802;0;0;0;0;0;0;0;0;1802
27116260;20502;Das VÃ¶gelchen;Tieck_Sophie_Das-Voegelchen_1802;0;0;0;0;0;0;0;0;1802
27116260;20503;Der Einsiedler und die Nonne;Tieck_Sophie_Der-Einsiedler-und-die-Nonne_1802;0;0;0;0;0;0;0;0;1802
27116260;20504;Die Stimme im Walde;Tieck_Sophie_Die-Stimme-im-Walde_1802;0;0;0;0;0;0;0;0;1802
27116260;20505;Die Blume der Liebe;Tieck_Sophie_Die-Blume-der-Liebe_1802;0;0;0;0;0;0;0;0;1802
27116260;20506;Die Quelle der Liebe;Tieck_Sophie_Die-Quelle-der-Liebe_1802;0;0;0;0;0;0;0;0;1802
9898518;20507;Bekenntnisse einer schÃ¶nen Seele. Von ihr selbst geschrieben;Unger_Friederike-Helene_Bekenntnisse-einer-schoenen-Seele_1806;0;0;0;0;0;0;0;0;1806
9898518;20508;Julchen Grünthal;Unger_Friederike-Helene_Julchen-Gruenthal_1784;0;0;0;0;0;0;0;0;1784
19718047;20510;Rinaldo Rinaldini;Vulpius_Christian-August_Rinaldo-Rinaldini_1799;0;0;0;0;0;0;0;0;1799
54230543;20511;Ein wunderbares morgenländisches Märchen von einem nackten Heiligen;Wackenroder_Wilhelm_Morgenlaendisches-Maerchen_1799;0;0;0;0;0;0;0;0;1799
8183423;20512;Die Geschichte der Anna Waser. Ein Roman aus der Wende des 17. Jahrhunderts;Waser_Maria_Die-Geschichte-der-Anna-Waser_1913;0;0;0;0;0;0;0;0;1913
4969473;20513;Fragment eines Romans;Weerth_Georg_Fragment-eines-Romans_1845;0;0;0;0;0;0;0;0;1845
4969473;20514;Humoristische Skizzen aus dem deutschen Handelsleben;Weerth_Georg_Humoristische-Skizzen_1845;0;0;0;0;0;0;0;0;1845
32038963;20516;Silvans Bibiothek;Wezel_Johann-Karl_Silvans-Bibliothek_1747;0;0;0;0;0;0;0;0;1777
32038963;20517;Die unglückliche Schwäche;Wezel_Johann-Karl_Die-Unglueckliche-Schwaeche_1747;0;0;0;0;0;0;0;0;1777
32038963;20518;Der Streit über das Gnaseg-Chub;Wezel_Johann-Karl_Der-Streit-ueber-das-Gnaseg-Chub_1747;0;0;0;0;0;0;0;0;1777
32038963;20519;Johannes Düc;Wezel_Johann-Karl_Johannes-Duec_1747;0;0;0;0;0;0;0;0;1777
32038963;20520;Die Erziehung der Moahi;Wezel_Johann-Karl_Die-Erziehung-der-Moahi_1747;0;0;0;0;0;0;0;0;1777
32038963;20521;Einige Gedanken und Grundsätze meines Lehrers;Wezel_Johann-Karl_Einige-Gedanken-und-Grundsaetze-meines-Lehrers_1747;0;0;0;0;0;0;0;0;1777
5727383;20534;Aesthetische Feldzüge;Wienbarg_Ludolph_Aesthetische-Feldzuege_1834;0;0;0;0;0;0;0;0;1834
76410693;20535;Streit in der Liebe und Liebe im Streit;Wildermuth_Ottilie_Streit-in-der-Liebe-und-Liebe-im-Streit_1910;0;0;0;0;0;0;0;0;1910
64782995;20536;Die Europamüden;Willkomm_Ernst_Die-Europamueden_1838;0;0;0;0;0;0;0;0;1838
29674360;20539;Agnes von Lilien;Wolzogen_Caroline_Agnes-von-Lilien_1884;0;0;0;0;0;0;0;0;1884
102332157;20541;Der Schweizerische Robinson oder der schiffbrüchige Schweizer Prediger und seine Familie;Wyss_Johann-David_Der-Schweizerische-Robinson_1812;0;0;0;0;0;0;0;0;1812
